{
  "country": 1,
  "disp_cob": 2,
  "re_el_cb": 3,
  "province": 4,
  "po_di_cb": 5,
  "po_di_mb": 6,
  "division": 7,
  "load_center": 8,
  "urbn_dst": 9,
  "district": 10,
  "rural_district": 11,
  "substat": 12,
  "big_consumer": 13,
  "for_consumer": 14,
  "indust_zone": 15,
  "pote_inf": 16,
  "power_plant": 17,
  "powpl_un": 18,
  "dis_feed": 19,
  "sute_inf": 20,
  "switchyard_area": 21,
  "substat_build": 22,
  "ext_equip": 23,
  "batt_bank": 24,
  "batt_charg": 25,
  "pow_tran": 26,
  "tank": 27,
  "bushing": 28,
  "winding": 29,
  "impedance": 30,
  "winding_impedanc": 31,
  "nomi_cap": 32,
  "cur_tran": 33,
  "ct_core": 34,
  "ct_corta": 35,
  "vol_tran": 36,
  "vt_core": 37,
  "pctran": 38,
  "pct_core": 39,
  "ear_tran": 40,
  "aux_tran": 41,
  "com_tran": 42,
  "reactor": 43,
  "tap_chan": 44,
  "tape": 45,
  "cir_brek": 46,
  "dis_swit": 47,
  "hv_fus": 48,
  "ligh_arr": 49,
  "lin_trap": 50,
  "busbar": 51,
  "shca_bnk": 52,
  "dies_gen": 53,
  "syn_comp": 54,
  "cell_distr": 55,
  "gantry": 56,
  "cond_beeq": 57,
  "feeder_bay": 58,
  "equip_s_inf": 59,
  "equ_oil": 60,
  "tr_line": 61,
  "circuit": 62,
  "circuit_substation ": 63,
  "cir_sec": 64,
  "unpat_seg": 65,
  "ovpat_seg": 66,
  "manhole": 67,
  "guw_type": 68,
  "guar_wir": 69,
  " crsg_cor_type": 70,
  "ins_type": 71,
  "conwir_type": 72,
  "cab_type": 73,
  "tower": 74,
  "tower_ovpat_seg": 75,
  "tsp_poin": 76,
  "tow_instr": 77,
  "node": 78,
  "cirsegmi": 79,
  "cir_seg": 80,
  "unci_seg": 81,
  "ovci_seg": 82,
  "cir_seg_cisegmi": 83,
  "cir_seg_node": 84,
  "insu_str": 85,
  "insulat": 86,
  "cabl_joi": 87,
  "oil_cham": 88,
  "cab_head": 89,
  "com_stat": 90,
  "com_link": 91,
  "com_stat_com_link": 92,
  "rtu": 93,
  "com_link_rtu": 94,
  "repeat_sta": 95,
  "com_towr": 96,
  "bts": 97,
  "micrepeater": 98,
  "wilerepeater": 99,
  "antenna": 100,
  "optic_fi": 101,
  "of_acteq": 102,
  "opt_ampl": 103,
  "join_box": 104,
  "of_paseq": 105,
  "of_ray": 106,
  "lmu": 107,
  "plc": 108,
  "tps": 109,
  "teco_dewi": 111,
  "leaseline": 112,
  "wir_lan": 113,
  "satt_linak": 114,
  "radio": 115,
  "macrowav": 116,
  "spr_spec": 117,
  "compnet_equ": 118,
  "convers_rec": 119,
  "tel_center": 120,
  "com_stat_tel_center": 121,
  "mux": 122,
  "channel": 123
}